smiles,Primary qHTS for inhibitors of nuclear receptor binding SET domain protein 2 (NSD2) in an isogenic RCH-ACV NSD2 p.E1099K mutant (9B),"Caspase-3/7 induction in CHO-K1 cells by small molecules, qHTS cell viability counter screen",Cytochrome P450 Family 2 Subfamily C Member 9 (CYP2C9) small molecule antagonists: luciferase reporter qHTS assay,Cytochrome P450 Family 3 Subfamily A Member 4 (CYP3A4) small molecule antagonists: luciferase reporter qHTS assay,Cytochrome P450 family 2 subfamily C member 9 (CYP2C9) small molecule antagonists: luciferase cell-based qHTS assay,SW480 viability from Cell TiterGlo-screen,qHTS assay to identify small molecule agonists of the estrogen receptor beta (ER-beta) signaling pathway - cell viability counter screen
CC1OC(OC2C(O)C(O)C(OC2CO)OC3C(O)C(O)C(O)OC3CO)C(O)C(O)C1NC4C=C(CO)C(O)C(O)C4O,0,0,0,0,0,0,0
[H][n]1c(NC(=O)OC)nc2ccc(SCCC)cc21,1,1,1,1,1,1,1
CC(N)Cc1ccccc1,1,1,1,1,1,1,1
CNCCC(Oc1ccccc1C)c2ccccc2,1,1,1,1,1,0,1
NCC(CC(O)=O)c1ccc(Cl)cc1,0,0,0,0,0,1,0
OC(=O)C1(CCC1)C(O)=O,0,0,0,0,0,1,0
OC(=O)COCCN1CCN(CC1)C(c2ccccc2)c3ccc(Cl)cc3,0,0,0,0,0,1,0
CCOC(=O)C(C)(C)Oc1ccc(Cl)cc1,0,0,0,0,0,0,0
CC(=O)N(O)CCCCCNC(=O)CCC(=O)N(O)CCCCCNC(=O)CCC(=O)N(O)CCCCCN,1,1,1,1,1,0,1
CN(C)CC(c1ccc(O)cc1)C2(O)CCCCC2,0,0,0,0,0,0,0
CCC(CO)NCCNC(CC)CO,0,0,0,0,0,0,0
CC(C)OC(=O)C(C)(C)Oc1ccc(cc1)C(=O)c2ccc(Cl)cc2,0,0,1,1,1,1,1
NCC1(CCCCC1)CC(O)=O,1,1,0,0,0,0,0
NC(=O)NO,1,1,0,0,0,0,0
CNC1(CCCCC1=O)c2ccccc2Cl,1,1,1,1,1,1,1
Nc1cccc2C(=O)N(Cc12)C3CCC(=O)NC3=O,0,0,0,0,0,0,0
CC12CC3CC(C)(C1)CC(N)(C3)C2,0,0,0,0,0,0,0
Cc1cc(C)cc(OCC2CNC(=O)O2)c1,0,0,1,1,1,1,1
CN(C)C(=N)N=C(N)N,0,0,1,1,1,0,1
CC(C)c1cc(OC(C)=O)c(C)cc1OCCN(C)C,1,1,1,0,1,0,1
COc1c(C)c2COC(=O)c2c(O)c1CC=C(C)CCC(=O)OCCN3CCOCC3,0,0,0,1,0,1,0
CN1CC(c2ccccc2)c3cccc(N)c3C1,0,0,0,1,0,1,0
Fc1ccc(cc1)C2CCNCC2COc3ccc4OCOc4c3,1,1,0,1,0,1,0
CC(C)(S)C(N)C(O)=O,0,0,0,0,0,0,0
NC(=N)c1ccc(OCCCCCOc2ccc(cc2)C(N)=N)cc1,0,0,1,0,1,0,1
CC(C)(N)Cc1ccccc1,1,1,0,0,0,0,0
O=C1NC(=O)C(N1)(c2ccccc2)c3ccccc3,0,0,0,0,0,0,0
CCC(=O)OC(Cc1ccccc1)(C(C)CN(C)C)c2ccccc2,0,0,0,1,1,1,0
Nc1nc2ccc(OC(F)(F)F)cc2[s]1,1,1,0,0,0,0,0
CC(C)CC(N(C)C)C1(CCC1)c2ccc(Cl)cc2,1,1,1,0,0,0,0
OC(=O)C(S)C(S)C(O)=O,1,1,0,1,1,0,0
CC(C)(C)NCC(O)c1cc(O)cc(O)c1,0,0,0,0,0,1,0
COc1ccc2c(cccc2c1C(F)(F)F)C(=S)N(C)CC(O)=O,0,0,0,0,0,1,1
CCCC(CCC)C(O)=O,0,0,1,1,1,1,0
COc1ccc(cc1)C(CN(C)C)C2(O)CCCCC2,0,0,1,0,0,0,0
CC(=O)OCC(=O)C12OC3(CCCC3)OC1CC4C5CCC6=CC(=O)C=CC6(C)C5(F)C(O)CC42C,1,1,1,0,0,0,0
OC(CCN1CCCCC1)(C2CC3CC2C=C3)c4ccccc4,0,0,0,1,1,0,0
CC(=O)Oc1ccc(cc1)C(c2ccc(OC(C)=O)cc2)c3ccccn3,0,0,0,1,1,0,1
CCCC1OC2CC3C4CCC5=CC(=O)C=CC5(C)C4C(O)CC3(C)C2(O1)C(=O)CO,0,0,0,1,1,1,1
NC(Nc1ccc(Cl)cc1)=NC(N)=NCCCCCCN=C(N)N=C(N)Nc2ccc(Cl)cc2,0,0,0,0,0,0,0
CCCC(=O)OCOC(=O)C1C(c2cccc(Cl)c2Cl)C(=C(C)NC=1C)C(=O)OC,1,1,1,0,0,0,0
[H][n]1c(C)nc2c1CCN(C(=O)c3ccc(NC(=O)c4ccccc4c5ccccc5)cc3)c6ccccc62,1,0,0,0,0,1,0
COc1cccc2C(=O)c3c(O)c4CC(O)(CC(OC5CC(N)C(O)C(C)O5)c4c(O)c3C(=O)c12)C(C)=O,1,0,0,0,0,0,0
CC1CC2C3CC(F)C4=CC(=O)C=CC4(C)C3(F)C(O)CC2(C)C1(O)C(=O)CO,0,1,1,1,1,0,0
C[n]1c(CNc2ccc(cc2)C(N)=N)nc3cc(ccc31)C(=O)N(CCC(O)=O)c4ccccn4,0,1,0,0,0,1,1
[H][n]1nnnc1c2ccccc2c3ccc(C[n]4c(CCCC)nc(Cl)c4CO)cc3,0,1,0,0,0,0,0
Nc1nc(F)nc2c1nc[n]2C3OC(CO)C(O)C3O,0,0,1,0,0,0,0
CC1(C)OC2CC3C4CC(F)C5=CC(=O)C=CC5(C)C4(F)C(O)CC3(C)C2(O1)C(=O)CO,1,0,0,0,1,1,1
Oc1ccc2c(Oc3cc(O)ccc3C24OC(=O)c5ccccc54)c1,0,0,0,1,1,1,1
CC1CC(=O)NN=C1c1ccc(N\N=C(\C#N)C#N)cc1,0,0,1,1,1,1,1
CCOC(=O)N1CCC(CC1)=C2c3ccc(Cl)cc3CCc4cccnc42,1,1,1,1,0,0,0
COc1ccc2CC3c4c(CC[N+]3(C)C)cc(OC)c(OC)c4Oc5ccc(CC6c7cc(Oc1c2)c(OC)cc7CC[N+]6(C)C)cc5,0,0,1,0,0,0,0
CC#CC1(O)CCC2C3CCC4=CC(=O)CCC4=C3C(CC21C)c5ccc(cc5)N(C)C,0,0,0,0,0,0,0
CC1CS(=O)(=O)CCN1N=Cc1ccc(o1)N(=O)=O,1,1,0,0,0,0,0
CC(=O)Oc1ccccc1C(=O)Nc2ncc([s]2)N(=O)=O,0,0,0,0,1,1,1
CC12CCC3C(CCC4=C3CCC(=O)C4)C1CCC2(O)C#C,0,0,0,1,0,0,0
CC1N=C2C(O)CCCN2C(=O)C=1CCN3CCC(CC3)c4n[o]c5cc(F)ccc54,1,1,1,0,0,0,0
Cc1ccc(cc1)N(CC2NCCN=2)c3cccc(O)c3,1,0,0,0,1,0,1
Fc1ccc(cc1)C(CCCN2CCC(CC2)N3C(=O)Nc4ccccc34)c5ccc(F)cc5,1,0,0,1,0,1,0
CCC(=O)c1ccc2Sc3ccccc3N(CC(C)N(C)C)c2c1,0,1,0,0,0,1,0
CNCCCC1c2ccccc2C=Cc3ccccc13,0,1,0,0,1,1,1
CN(C)c1ccc2c(ccc(C=Cc3cc(C)[n](c4ccccc4)c3C)[n+]2C)c1,0,1,1,1,0,0,0
Fc1ccccc1C2=NCC(=S)N(CC(F)(F)F)c3ccc(Cl)cc32,0,0,0,0,0,0,0
[H][n]1c2cc(OC)ccc2c3CCN4CC5CC(OC(=O)C=Cc6cc(OC)c(OC)c(OC)c6)C(OC)C(C5CC4c31)C(=O)OC,1,0,0,0,1,0,1
CC(C)N1CCN(CC1)c2ccc(OCC3COC(C[n]4cncn4)(O3)c5ccc(Cl)cc5Cl)cc2,0,0,1,1,1,0,1
Nc1ccc(C(O)=O)c(O)c1,0,0,1,1,1,1,1
Nc1nc(NC2CC2)c3nc[n](C4CC(CO)C=C4)c3n1,0,1,1,1,0,0,0
COc1cc(C)c(C=CC(C)=CC=CC(C)=CC(O)=O)c(C)c1C,0,0,0,0,0,0,0
[H][n]1ncc2C(=O)NC=Nc21,1,0,0,0,0,1,0
[H][n]1cnc(CN2CCc3c(C2=O)c4ccccc4[n]3C)c1C,0,0,0,0,0,0,0
CCCN(CCC)C(=O)Cc1c(nc2C=CC(Cl)=C[n]12)c3ccc(Cl)cc3,0,0,0,0,1,0,1
Cc1nnc2CN=C(c3ccccc3)c4cc(Cl)ccc4[n]12,0,1,1,1,0,1,0
NC(N)=NC(=O)c1nc(Cl)c(N)nc1N,1,0,0,0,0,0,0
CCCCc1[o]c2ccccc2c1C(=O)c3cc(I)c(OCCN(CC)CC)c(I)c3,0,1,0,0,0,0,0
CC1OC(OC2CC3OC(O)(CC(O)CC(O)C(O)CCC(O)CC(O)CC(=O)OC(C)C(C)C(O)C(C)C=CC=CC=CC=CC=CC=CC=C2)CC(O)C3C(O)=O)C(O)C(N)C1O,0,0,1,0,0,1,0
[H][n]1cnc2ncnc(Sc3c(nc[n]3C)N(=O)=O)c21,1,0,0,0,1,1,1
CCc1[o]c2ccccc2c1C(=O)c3ccc(O)cc3,1,1,0,1,0,1,0
CCc1[o]c2ccccc2c1C(=O)c3cc(I)c(O)c(I)c3,1,1,1,0,1,0,1
Cc1cc2c(cc1C(=C)c3ccc(cc3)C(O)=O)C(C)(C)CCC2(C)C,0,1,0,0,0,0,1
CC(O)(CS(=O)(=O)c1ccc(F)cc1)C(=O)Nc2ccc(C#N)c(c2)C(F)(F)F,0,0,0,1,1,0,0
CC(C)CC(NC(=O)C(Cc1ccccc1)NC(=O)c2cnccn2)[B](O)O,1,0,1,1,1,0,0
COc1ccccc1Oc2c(NS(=O)(=O)c3ccc(cc3)C(C)(C)C)nc(nc2OCCO)c4ncccn4,1,0,1,1,1,1,0
[H][n]1nnc(n1)c2ccccc2c3ccc(C[n]4c(OCC)nc5cccc(C(O)=O)c54)cc3,1,0,1,0,0,0,0
Cc1ccc(cc1)c2cc(n[n]2c3ccc(cc3)S(N)(=O)=O)C(F)(F)F,0,1,0,0,0,0,1
OC(=O)CCCc1ccc(cc1)N(CCCl)CCCl,0,0,0,0,0,0,0
CN=C1CN(O)C(c2ccccc2)=C3C=C(Cl)C=CC3=N1,0,0,0,0,0,0,0
CN(C)CCCN1c2ccccc2Sc3ccc(Cl)cc13,0,0,0,1,1,1,0
CCN(CC)CCOc1ccc(cc1)C(=C(Cl)c2ccccc2)c3ccccc3,1,0,1,0,0,0,0
COC(=O)C(N1CCc2[s]ccc2C1)c3ccccc3Cl,0,1,0,0,0,0,0
OC(COc1cccc2OC(=CC(=O)c12)C(O)=O)COc3cccc4OC(=CC(=O)c34)C(O)=O,0,1,0,1,1,1,1
CN(C)CCC=C1c2ccccc2C=Cc3ccccc31,1,1,0,0,0,1,1
CC(=O)Oc1ccc(cc1)C(=C2CCCCC2)c3ccc(OC(C)=O)cc3,0,0,0,0,0,1,1
NC1C=CN(C2OC(CO)C(O)C2O)C(=O)N=1,0,0,0,1,1,0,0
CC(C)C1NC(=O)C(NC(=O)c2ccc(C)c3OC4=C(C)C(=O)C(N)=C(C(=O)NC5C(C)OC(=O)C(C(C)C)N(C)C(=O)CN(C)C(=O)C6CCCN6C(=O)C(NC5=O)C(C)C)C4=Nc32)C(C)OC(=O)C(C(C)C)N(C)C(=O)CN(C)C(=O)C7CCCN7C1=O,1,0,1,0,0,0,0
CC12Cc3cn[o]c3C=C2CCC4C1CCC5(C)C4CCC5(O)C#C,0,0,1,0,0,0,0
Cc1nc(Nc2ncc([s]2)C(=O)Nc3c(C)cccc3Cl)cc(n1)N4CCN(CCO)CC4,0,1,1,1,1,0,0
OC(=O)c1ccc(cc1)[n]2nc(nc2c3ccccc3O)c4ccccc4O,1,0,0,1,1,1,1
Clc1ccc2c(CCc3cccnc3C2=C4CCNCC4)c1,1,0,0,1,1,0,0
[H][n]1c2ccccc2nc1S(=O)Cc3nccc(OCC(F)(F)F)c3C,1,1,0,0,0,0,0
OC(=O)c1cc(ccc1O)c2ccc(F)cc2F,0,0,0,0,0,1,1
COc1cccc2C(=O)c3c(O)c4CC(O)(CC(OC5CC(N)C(O)C(C)O5)c4c(O)c3C(=O)c12)C(=O)CO,0,0,1,0,0,0,0
CC1C2C(O)C3C(N(C)C)C(=O)C(C(N)=O)=C(O)C3(O)C(=O)C2=C(O)c4c(O)cccc14,0,1,0,0,0,0,0
CCCCN(CCCC)CCCOc1ccc(cc1)C(=O)c2c(CCCC)[o]c3ccc(NS(C)(=O)=O)cc32,0,0,0,1,1,1,1
NC(N)=Nc1nc(CSCCN=CNS(=O)(=O)c2ccc(Br)cc2)c[s]1,1,0,1,0,0,0,0
FC(F)(F)C1(OC(=O)Nc2ccc(Cl)cc21)C#CC3CC3,0,1,0,0,0,0,0
CC1NN(C(=O)C=1N=Nc2cccc(c2O)c3cccc(c3)C(O)=O)c4ccc(C)c(C)c4,0,1,0,0,0,1,1
CC(=O)NC1C(O)OC(COS(O)(=O)=O)C(OC2OC(C(OC3OC(CO)C(OC4OC(C(O)C(O)C4OS(O)(=O)=O)C(O)=O)C(OS(O)(=O)=O)C3NS(O)(=O)=O)C(O)C2OS(O)(=O)=O)C(O)=O)C1O,0,1,1,0,0,1,1
CCN(CC)C(=O)C(=Cc1cc(O)c(O)c(c1)N(=O)=O)C#N,0,0,0,0,1,1,1
COCCOc1cc2ncnc(Nc3cccc(c3)C#C)c2cc1OCCOC,1,0,0,1,0,0,0
CC12CCC3C(CCc4cc(O)ccc34)C2CCC1O,0,0,1,1,1,0,0
CC12CCC3C(CCc4cc(OC(=O)N(CCCl)CCCl)ccc34)C2CCC1O,1,0,1,1,0,0,0
Cc1cc(cc(C)c1Oc2nc(Nc3ccc(cc3)C#N)nc(N)c2Br)C#N,1,1,1,0,0,0,0
CN1CCC(CC1)Nc2ncc3ncnc(Nc4ccc(F)c(Cl)c4)c3n2,0,0,0,0,0,1,1
NC(N)=Nc1nc(CSCCC(N)=NS(N)(=O)=O)c[s]1,0,0,0,0,0,0,0
CC(C(O)=O)c1cccc(Oc2ccccc2)c1,0,0,0,0,1,0,0
Clc1ccc(OCC(=O)N2CCN(CC2)Cc3ccc4OCOc4c3)cc1,0,0,0,1,0,0,0
FC(F)(F)COc1ccc(OCC(F)(F)F)c(c1)C(=O)NCC2CCCCN2,1,1,1,0,1,0,0
OC(C[n]1cncn1)(C[n]2cncn2)c3ccc(F)cc3F,0,0,0,0,1,1,1
CCN(CC)CCN1C(=O)CN=C(c2ccccc2F)c3cc(Cl)ccc13,0,0,0,1,1,0,0
CC(C)C(=O)Nc1ccc(c(c1)C(F)(F)F)N(=O)=O,1,0,0,0,0,1,1
COc1cc2ncnc(Nc3ccc(F)c(Cl)c3)c2cc1OCCCN4CCOCC4,1,1,0,0,0,1,1
NNc1nncc2ccccc12,1,1,0,1,0,1,1
CN1CCN(CC1)Cc2ccc(cc2)C(=O)Nc3ccc(C)c(Nc4nccc(n4)c5cccnc5)c3,0,1,1,0,0,0,0
[H][n]1nnc(n1)c2ccccc2c3ccc(CN4C(CCCC)=NC5(CCCC5)C4=O)cc3,0,0,1,0,1,0,0
CC1CCCC(C)(C)C=1C=CC(C)=CC=CC(C)=CC(O)=O,0,0,1,1,0,0,0
CCC(C)N1N=CN(C1=O)c2ccc(cc2)N3CCN(CC3)c4ccc(OCC5COC(C[n]6cncn6)(O5)c7ccc(Cl)cc7Cl)cc4,0,0,0,1,0,0,0
OC(=O)C1CC[n]2c1ccc2C(=O)c3ccccc3,1,0,0,1,1,1,1
CS(=O)(=O)CCNCc1ccc([o]1)c2ccc3ncnc(Nc4ccc(OCc5cccc(F)c5)c(Cl)c4)c3c2,0,1,0,0,0,0,0
Cc1[o]ncc1C(=O)Nc2ccc(cc2)C(F)(F)F,0,0,0,0,0,0,0
[H][n]1nnc(n1)c2ccccc2c3ccc(C[n]4c(CCCC)nc(Cl)c4CO)cc3,1,0,1,0,1,1,1
Cc1ccc(Nc2c(F)cccc2Cl)c(CC(O)=O)c1,0,1,0,0,0,0,0
CC(C)c1nnc(C)[n]1C2CC3CCC(C2)N3CCC(NC(=O)C4CCC(F)(F)CC4)c5ccccc5,0,0,0,0,0,0,0
Cc1cccc(Nc2ccccc2C(O)=O)c1C,1,0,1,1,1,1,1
OC(C1CCCCN1)c2cc(nc3c2cccc3C(F)(F)F)C(F)(F)F,0,1,0,1,1,0,0
CN1CCCC(C1)CN2c3ccccc3Sc4ccccc24,0,0,0,1,1,0,0
CN(Cc1cnc2nc(N)nc(N)c2n1)c3ccc(cc3)C(=O)NC(CCC(O)=O)C(O)=O,1,0,1,0,0,1,1
CN1CCN2C(C1)c3ccccc3Cc4cccnc24,1,1,0,0,0,1,1
OCCNCCNc1ccc(NCCNCCO)c2C(=O)c3c(O)ccc(O)c3C(=O)c12,1,1,0,0,0,1,1
CCC1=NN(CCCN2CCN(CC2)c3cccc(Cl)c3)C(=O)N1CCOc4ccccc4,0,1,1,0,0,0,0
Cc1c(O)cccc1C(=O)NC(CSc2ccccc2)C(O)CN3CC4CCCCC4CC3C(=O)NC(C)(C)C,0,0,1,1,1,0,0
CC1(C)NC(=O)N(C1=O)c2ccc(c(c2)C(F)(F)F)N(=O)=O,0,0,1,0,0,0,0
CS(=O)(=O)Nc1ccc(cc1Oc2ccccc2)N(=O)=O,0,0,0,0,0,0,0
CNC(NCCSCc1c[s]c(CN(C)C)n1)=CN(=O)=O,1,0,0,1,0,1,1
CN1CCN(CC1)C2=Nc3ccccc3Nc4[s]c(C)cc42,0,1,0,0,0,0,0
OC(=O)c1cc(ccc1O)N=Nc2ccc(O)c(c2)C(O)=O,0,0,0,0,0,0,0
Cc1[o]nc(c2ccccc2)c1C(=O)NC3C4SC(C)(C)C(N4C3=O)C(O)=O,0,0,1,1,1,0,0
OC(=O)CCc1nc(c2ccccc2)c([o]1)c3ccccc3,0,0,0,0,1,0,0
Oc1ccc(cc1)C2(C(=O)Nc3ccccc32)c4ccc(O)cc4,1,1,0,0,1,1,0
CC(=O)OC1C(=O)C2(C)C(O)CC3OCC3(OC(C)=O)C2C(OC(=O)c4ccccc4)C5(O)CC(OC(=O)C(O)C(NC(=O)c6ccccc6)c7ccccc7)C(C)=C1C5(C)C,0,1,1,1,0,1,1
[H][n]1c2cc(OC(F)F)ccc2nc1S(=O)Cc3nccc(OC)c3OC,1,1,1,1,0,1,1
COc1ccc(Cc2nccc3cc(OC)c(OC)cc23)cc1OC,1,0,1,1,0,0,1
CN(c1ccc2c(C)[n](C)nc2c1)c3ccnc(Nc4ccc(C)c(c4)S(N)(=O)=O)n3,1,0,0,0,0,0,0
OCCN1CCN(CCCN2c3ccccc3Sc4ccc(Cl)cc24)CC1,0,0,0,0,1,0,0
CCc1ccc(CCOc2ccc(CC3SC(=O)NC3=O)cc2)nc1,0,0,0,0,0,0,0
CC(C(O)=O)c1ccc(N2CC=CC2)c(Cl)c1,0,1,0,0,0,1,0
CCc1nc(N)nc(N)c1c2ccc(Cl)cc2,0,0,1,1,1,0,1
COc1ccc2nccc(C(O)C3CC4CCN3CC4C=C)c2c1,1,0,0,0,0,0,0
CC(C)(C)NC(=O)C1CC2CCCCC2CN1CC(O)C(Cc3ccccc3)NC(=O)C(CC(N)=O)NC(=O)c4ccc5ccccc5n4,0,1,0,0,0,1,0
CCC(C)(C)C(=O)OC1CC(C)C=C2C=CC(C)C(CCC3CC(O)CC(=O)O3)C12,0,0,1,0,1,0,1
Cc1cc2OCOc2cc1CC(=O)c3[s]ccc3S(=O)(=O)Nc4[o]nc(C)c4Cl,0,0,0,0,0,0,0
CC(=O)SC1CC2=CC(=O)CCC2(C)C3CCC4(C)C(CCC54CCC(=O)O5)C13,0,1,0,1,0,1,0
OC(=O)c1cc(ccc1O)N=Nc2ccc(cc2)S(=O)(=O)Nc3ccccn3,0,0,1,1,1,0,1
CC1=C(CC(O)=O)c2cc(F)ccc2C1=Cc3ccc(cc3)S(C)=O,0,0,0,1,1,0,0
[H][n]1c(C)c(c(C)c1C=C2C(=O)Nc3ccc(F)cc32)C(=O)NCCN(CC)CC,1,1,0,0,1,1,0
CCC(c1ccccc1)=C(c2ccccc2)c3ccc(OCCN(C)C)cc3,0,1,1,0,0,1,1
[H][n]1nnc(n1)c2ccccc2c3ccc(CN4C(=O)CCc5c(C)nc(C)nc45)cc3,0,1,1,0,0,1,1
CN(CC=CC#CC(C)(C)C)Cc1cccc2ccccc12,1,0,1,0,0,0,1
CC12CCC3C(CCC4=CC(=O)CCC34C)C2CCC1O,0,0,0,1,0,0,0
CN(C)C1C2CC3C(=C(O)c4c(O)cccc4C3(C)O)C(=O)C2(O)C(O)=C(C(N)=O)C1=O,0,0,0,0,1,0,0
[H][n]1cnc2NC(N)=NC(=S)c21,1,0,0,0,0,0,0
CSc1ccc2Sc3ccccc3N(CCC4CCCCN4C)c2c1,0,1,0,1,0,1,0
Cc1ccc(cc1)C(=O)c2cc(O)c(O)c(c2)N(=O)=O,0,0,1,0,0,0,1
Clc1cccc(c1)N2CCN(CCCN3N=C4C=CC=CN4C3=O)CC2,1,0,0,0,0,0,0
Nc1nc(N)c2nc(c3ccccc3)c(N)nc2n1,1,0,0,1,1,0,0
[H][n]1nnc(n1)c2ccccc2c3ccc(CN(C(C(C)C)C(O)=O)C(=O)CCCC)cc3,1,0,0,0,0,0,0
C1NCC2CC1c3cc4nccnc4cc23,0,1,0,0,0,1,0
COc1cc(ccc1Cc2c[n](C)c3ccc(NC(=O)OC4CCCC4)cc23)C(=O)NS(=O)(=O)c5ccccc5C,0,0,1,1,0,0,1
Clc1cc2NC(=O)Cc2cc1CCN3CCN(CC3)c4n[s]c5ccccc54,0,0,0,0,0,0,0
CC(O)CO,0,1,0,0,0,1,0
CC(=O)Nc1c(I)cc(I)c(C(O)=O)c1I,0,0,1,1,1,0,1
CC(=O)OCC[N+](C)(C)C,1,0,0,0,0,0,0
CC(=O)NC(CS)C(O)=O,0,1,0,0,0,1,0
Nc1ncnc2[nH]cnc12,0,0,1,0,1,0,1
NC(=O)NC1NC(=O)NC1=O,1,0,0,0,0,0,0
NCCCNCCSP(O)(O)=O,0,1,0,1,0,1,0
NCCC(O)C(=O)NC1CC(N)C(OC2OC(CN)C(O)C(O)C2O)C(O)C1OC3OC(CO)C(O)C(N)C3O,0,0,1,1,1,0,1
NCCCCCC(O)=O,1,0,0,1,1,0,0
COc1ccc(cc1)C(=O)N2CCCC2=O,0,1,0,0,1,1,0
CN1N(C(=O)C=C1C)c2ccccc2,0,1,1,0,0,1,1
COc1ccc(cc1)C(=O)CC(=O)c2ccc(cc2)C(C)(C)C,1,1,1,0,0,1,1
O=C(OOC(=O)c1ccccc1)c1ccccc1,0,0,1,0,0,0,1
CCN(CC)C(=O)C1CN2CCc3cc(OC)c(OC)cc3C2CC1OC(C)=O,0,0,0,1,0,0,0
C[N+](C)(C)CC(O)=O,1,0,0,0,1,0,0
CC(C[N+](C)(C)C)OC(N)=O,0,0,0,0,0,0,0
CC(C)(C)c1ccc(CN2CCN(CC2)C(c3ccccc3)c4ccc(Cl)cc4)cc1,0,1,0,1,0,1,0
CCCCC1(CC)C(=O)NC(=O)NC1=O,0,0,1,0,0,0,1
CC(O)=O,0,0,0,0,0,0,0
C[N+](C)(C)CCOC(N)=O,1,0,0,1,1,0,0
CCCC(C)(COC(N)=O)COC(=O)NC(C)C,1,0,0,0,0,0,0
CCN(CC)CCOC(=O)c1ccc(N)cc1Cl,1,1,0,0,0,1,0
OCC(O)COc1ccc(Cl)cc1,0,0,0,0,0,0,0
CN1CCCC1CCOC(C)(c2ccccc2)c3ccc(Cl)cc3,0,1,0,0,0,1,0
CC(CN(C)C)C(C)(O)Cc1ccc(Cl)cc1,0,0,1,1,1,0,1
CN(CCCCCCCCCCN(C)C(=O)Oc1cccc(c1)[N+](C)(C)C)C(=O)Oc2cccc(c2)[N+](C)(C)C,0,0,0,0,0,0,0
CC(=O)Nc1c(I)c(NC(C)=O)c(I)c(C(O)=O)c1I,1,1,0,0,0,1,0
CCN(CC)CCOC(=O)C1(CCCCC1)C2CCCCC2,0,0,1,0,1,0,1
CN(C)CCOC(c1ccccc1)c2ccccc2,0,0,0,0,1,0,0
OCC(S)CS,1,1,0,0,1,1,0
CNCC(O)c1ccc(OC(=O)C(C)(C)C)c(OC(=O)C(C)(C)C)c1,0,1,1,1,0,1,1
CCCCCCCCCCCCCCCCCCCCCCO,1,1,1,1,0,1,1
CCCCOc1ccc(cc1)C(=O)CCN2CCCCC2,1,0,1,1,0,0,1
CCOP(=O)(OCC)SCC[N+](C)(C)C,1,0,0,0,0,0,0
[H][n]1cc(CC2NC(=O)C(CC(O)=O)NC(=O)CNC(=O)C(CCCCN=C(N)N)NC(=O)CCSSCC(NC(=O)C3CCCN3C2=O)C(N)=O)c4ccccc41,0,0,0,0,1,0,0
NCCO,0,0,0,0,0,0,0
NC(=O)OC1(CCCCC1)C#C,0,1,0,0,0,1,0
CCCN(CC)C(CC)C(=O)Nc1c(C)cccc1C,0,0,1,1,1,0,1
CC(O)(P(O)(O)=O)P(O)(O)=O,1,0,0,0,0,0,0
CCNCC(O)c1cccc(O)c1,0,1,0,0,0,1,0
CCOC(=O)c1cnc[n]1C(C)c2ccccc2,0,0,1,0,1,0,1
O=C1NCC2(CCN(CCc3ccccc3)CC2)O1,0,0,0,0,0,0,0
[H][n]1c2CCC(Cc2c3cc(ccc31)C(N)=O)NC,0,1,0,1,0,1,0
CC[N+](CC)(CC)CCOc1cccc(OCC[N+](CC)(CC)CC)c1OCC[N+](CC)(CC)CC,0,0,1,1,1,0,1
OCCCC(O)=O,0,0,0,1,1,0,0
NC(CCC(O)=O)C(O)=O,1,1,0,0,1,1,0
C[N+]1(C)CCC(C1)OC(=O)C(O)(C2CCCC2)c3ccccc3,0,1,1,0,0,1,1
NC(=N)NCC1COC2(CCCCC2)O1,0,1,1,0,0,1,1
NC(N)=NCCN1CCCCCCC1,1,0,1,0,0,0,1
Clc1cc(Cl)c(OCC#CI)cc1Cl,0,0,0,1,0,0,0
CN1C(O)=NC(=O)C(C)(C1=O)C1=CCCCC1,0,0,0,0,1,0,0
[H][n]1cncc1CCN,1,0,0,0,0,0,0
CC12CCC(=O)C=C2CCC3C4CCC(O)(C(=O)CO)C4(C)CC(O)C31,0,1,0,1,0,1,0
OCCOCCN1CCN(CC1)C(c2ccccc2)c3ccc(Cl)cc3,0,0,1,0,0,0,1
CCCCCN(C)CCC(O)(P(O)(O)=O)P(O)(O)=O,1,0,0,0,0,0,0
CN(CC(O)CO)C(=O)c1c(I)c(NC(=O)C(CO)CO)c(I)c(c1I)C(=O)N(C)CC(O)CO,1,0,0,1,1,0,0
CCC(NC(C)C)C(O)c1ccc(O)c(O)c1,1,0,0,0,0,0,0
CC(C)OP(F)(=O)OC(C)C,0,1,0,0,0,1,0
CNC(C)CCC=C(C)C,0,0,1,1,0,0,1
CC(C)NCC(O)c1ccc(O)c(O)c1,0,0,0,0,0,0,0
O=N(=O)OC1COC2C(COC12)ON(=O)=O,0,1,0,0,0,1,0
NC(CCCN=C(N)N)C(O)=O,0,0,1,1,1,0,1
OCC1OC(OC2C(CO)OC(O)C(O)C2O)C(O)C(O)C1O,0,0,0,0,1,0,0
CCN(CC)CC(=O)Nc1c(C)cccc1C,1,1,0,0,1,1,0
CN(C)C(=O)C(CCN1CCC(O)(CC1)c2ccc(Cl)cc2)(c3ccccc3)c4ccccc4,0,1,1,1,0,1,1
CCOC(=O)CC(SP(=S)(OC)OC)C(=O)OCC,0,0,0,0,1,0,0
CNC1(C)C2CCC(C2)C1(C)C,1,1,0,0,1,1,0
Cc1cccc(CN2CCN(CC2)C(c3ccccc3)c4ccc(Cl)cc4)c1,0,1,1,1,0,1,1
C[N+]1(C)CCCC(C1)OC(=O)C(O)(c2ccccc2)c3ccccc3,1,1,1,1,0,1,1
CCOC(=O)C1(CCN(C)CC1)c2ccccc2,1,0,1,1,0,0,1
CNC(C)(C)Cc1ccccc1,1,0,0,0,0,0,0
CN1CCCCC1C(=O)Nc2c(C)cccc2C,0,0,0,0,1,0,0
CCCC(C)(COC(N)=O)COC(N)=O,0,0,0,0,0,0,0
CC(C[N+](C)(C)C)OC(C)=O,0,1,0,0,0,1,0
COc1ccc(OC)c(c1)C(O)C(C)N,0,0,1,1,1,0,1
CN1C(=O)CC(C)(C1=O)c2ccccc2,1,0,0,0,0,0,0
[H][n]1cc2CC3N(C)CC(C=C3c4cccc1c24)C(=O)NC(CC)CO,0,1,0,0,0,1,0
CCC(CO)NC(=O)C1CN(C)C2Cc3c[n](C)c4cccc(C2=C1)c34,0,0,1,0,1,0,1
CC(C)NCC(O)COc1cc(C)c(OC(C)=O)c(C)c1C,0,0,0,0,0,0,0
COc1ccc(OC)c(c1)C(O)CNC(=O)CN,0,1,0,1,0,1,0
OCCN1CC(O)C(O)C(O)C1CO,0,0,1,1,1,0,1
CCCCN1CC(O)C(O)C(O)C1CO,0,0,0,1,1,0,0
NC1=CC(=NC(=N)N1O)N2CCCCC2,1,1,0,0,1,1,0
Oc1ccc2CC3N(CCC45C(Oc1c24)C(=O)CCC35O)CC=C,0,1,1,0,0,1,1
CN(C)C(=O)Oc1cccc(c1)[N+](C)(C)C,0,1,1,0,0,1,1
NC(=O)Cc1cccc(c1N)C(=O)c2ccccc2,1,0,1,0,0,0,1
O=N(=O)OCC(CON(=O)=O)ON(=O)=O,0,0,0,1,0,0,0
CC(C)NCC(O)c1cc(O)cc(O)c1,0,0,0,0,1,0,0
CN(C)CCOC(c1ccccc1)c2ccccc2C,1,0,0,0,0,0,0
CN(C(=O)CN(CCO)CC(=O)N(C)C(C)(C)Cc1ccccc1)C(C)(C)Cc1ccccc1,0,1,0,1,0,1,0
CCN(CC)CC#CCOC(=O)C(O)(C1CCCCC1)c2ccccc2,0,0,1,0,0,0,1
CC[N+](C)(CC)CCOC(=O)C(C1CCCCC1)(C2=CC=CC=C2)O,1,0,0,0,0,0,0
CC1OC(C)OC(C)O1,1,0,0,1,1,0,0
CN(CC#C)CC1=CC=CC=C1,1,0,0,0,0,0,0
CC(C)(C)NCC(O)COc1ccccc1C2CCCC2,0,1,0,0,0,1,0
[H][n]1cc(CC(NC(=O)CCNC(=O)OC(C)(C)C)C(=O)NC(CCSC)C(=O)NC(CC(O)=O)C(=O)NC(Cc2ccccc2)C(N)=O)c3ccccc31,0,0,1,1,0,0,1
OC(=O)CN(CCN(CC(O)=O)CC(O)=O)CCN(CC(O)=O)CC(O)=O,0,0,0,0,0,0,0
CC1C(OCCN1C)c2ccccc2,0,1,0,0,0,1,0
CC1NCCOC1c2ccccc2,0,0,1,1,1,0,1
[H][n]1ccc2c(OCC(O)CNC(C)C)cccc21,1,0,0,0,0,0,0
OCCO,0,1,0,0,0,1,0
CCC(C)CCCCC(=O)NC(CCN)C(=O)NC(C(C)O)C(=O)NC(CCN)C(=O)NC1CCNC(=O)C(NC(=O)C(CCN)NC(=O)C(CCN)NC(=O)C(CC(C)C)NC(=O)C(Cc2ccccc2)NC(=O)C(CCN)NC1=O)C(C)O,0,0,1,0,1,0,1
CCC1(C(=O)NCNC1=O)c2ccccc2,1,0,0,0,0,0,0
CCN(CC)CCOC(=O)c1ccc(N)cc1,0,1,0,1,0,1,0
OC(CCN1CCCC1)(C2CCCCC2)c3ccccc3,0,0,1,1,1,0,1
CC(C)O,1,0,0,1,1,0,0
CN(C)C(=O)Oc1ccc[n+](C)c1,0,1,0,0,1,1,0
COc1ccccc1OCC(O)CN2CCN(CC2)CC(=O)Nc3c(C)cccc3C,0,1,1,0,0,1,1
CC(N)C12CC3CC(CC(C3)C2)C1,0,1,0,1,0,1,0
CC(C)(C)NCC(O)c1ccc(O)c(CO)c1,0,0,1,1,1,0,1
CC(Cc1ccccc1)N(C)CC#C,0,0,0,1,1,0,0
ClCC1CO1,1,1,0,0,1,1,0
OC(=O)c1ccccc1,0,1,1,0,0,1,1
C[N+](C)(C)CCOC(=O)CCC(=O)OCC[N+](C)(C)C,0,1,1,0,0,1,1
CCCC(C)C1(CC=C)C(=O)NC(=S)NC1=O,1,0,1,0,0,0,1
CC(C)CCCC(C)CCCC(C)CCCC1(C)CCc2c(C)c(OC(C)=O)c(C)c(C)c2O1,0,0,0,1,0,0,0
NCC1CCC(CC1)C(O)=O,0,0,0,0,1,0,0
OC(=O)C(Cl)(Cl)Cl,1,0,0,0,0,0,0
NCCNCCNCCN,0,1,0,1,0,1,0
OC(CCN1CCCCC1)(C2CCCCC2)c3ccccc3,0,0,1,0,0,0,1
NC(Cc1c[nH]c2ccccc12)C(O)=O,1,0,0,0,0,0,0
NCCc1ccc(O)cc1,1,0,0,1,1,0,0
CC(C)CCCC(C)CCCC(C)CCCC1(C)CCc2c(C)c(O)c(C)c(C)c2O1,1,0,0,0,0,0,0
COC(=O)C1C(O)CCC2CN3CCc4c([nH]c5ccccc45)C3CC12,0,1,0,0,0,1,0
C1CN=C(Cc2ccc3ccccc3c2)N1,0,0,1,1,0,0,1
Cn1cnc2c(F)c(Nc3ccc(Br)cc3Cl)c(cc12)C(=O)NOCCO,0,0,0,0,0,0,0
CC(=O)NCCCS(O)(=O)=O,0,1,0,0,0,1,0
CCCC(=O)Nc1ccc(OCC(O)CNC(C)C)c(c1)C(C)=O,0,0,1,1,1,0,1
OC(=O)COC(=O)Cc1ccccc1Nc2c(Cl)cccc2Cl,1,0,0,0,0,0,0
CC(=O)Nc1ccc(O)cc1,0,1,0,0,0,1,0
CC(=O)Nc1nnc([s]1)S(N)(=O)=O,0,0,1,0,1,0,1
NC1NC(=O)c2nc[n](COCCO)c2N=1,0,0,0,0,1,0,0
Nc1ncnc2c1nc[n]2CCOCP(O)(O)=O,1,1,0,0,1,1,0
Nc1ncnc2n(cnc12)C1OC(COP(O)(=O)OP(O)(=O)OP(O)(O)=O)C(O)C1O,0,1,1,1,0,1,1
CC(N)C(=O)OC(C)(C)Cc1ccc(Cl)cc1,1,1,1,1,0,1,1
OC(=O)Cc1ccc(OCC=C)c(Cl)c1,1,0,1,1,0,0,1
CCN1N=NN(CCN2CCC(CC2)(COC)N(C(=O)CC)c3ccccc3)C1=O,1,0,0,0,0,0,0
COc1cc2nc(nc(N)c2cc1OC)N(C)CCCNC(=O)C3CCCO3,0,0,0,0,1,0,0
[H][n]1nnc2cc(C(=O)NCC3CCCN3CC=C)c(OC)cc21,0,0,0,0,0,0,0
[H][n]1cc(CCN(C)C)c2cc(CS(=O)(=O)N3CCCC3)ccc21,0,1,0,0,0,1,0
CC[N+](CC)(CCNC(=O)C(=O)NCC[N+](CC)(CC)Cc1ccccc1Cl)Cc2ccccc2Cl,0,0,1,1,1,0,1
Nc1ccc(cc1)C(=O)NCC(O)=O,1,0,0,0,0,0,0
[H][n]1cnc2N(C)C(=O)N(C)C(=O)c21,0,1,0,0,0,1,0
CCOC(=O)C1C(c2ccccc2Cl)C(=C(C)NC=1COCCN)C(=O)OC,0,0,1,0,1,0,1
CC1(C)SC2C(NC(=O)C(N)c3ccc(O)cc3)C(=O)N2C1C(O)=O,0,0,0,0,0,0,0
Clc1ccc2N=C3NC(=O)CN3Cc2c1Cl,0,1,0,1,0,1,0
CC(C)(C#N)c1cc(C[n]2cncn2)cc(c1)C(C)(C)C#N,0,0,1,1,1,0,1
CN1CCc2cccc3c2C1Cc4ccc(O)c(O)c43,0,0,0,1,1,0,0
CC(=O)Oc1ccccc1C(O)=O,1,1,0,0,1,1,0
CC(C)NCC(O)COc1ccc(CC(N)=O)cc1,0,1,1,0,0,1,1
COc1ccc(CC2c3cc(OC)c(OC)cc3CC[N+]2(C)CCC(=O)OCCCCCOC(=O)CC[N+]4(C)CCc5cc(OC)c(OC)cc5C4Cc6ccc(OC)c(OC)c6)cc1OC,0,1,1,0,0,1,1
CCN(CCO)CC[n]1c(Cc2ccccc2)nc3N(C)C(=O)N(C)C(=O)c31,1,0,1,0,0,0,1
CCC1(CC)C(=O)NC(=O)NC1=O,0,0,0,1,0,0,0
CCOC(=O)C(CCc1ccccc1)NC2CCc3ccccc3N(CC(O)=O)C2=O,0,0,0,0,1,0,0
C[n]1c(CCCC(O)=O)nc2cc(ccc21)N(CCCl)CCCl,1,0,0,0,0,0,0
NS(=O)(=O)c1cc2c(NC(Cc3ccccc3)NS2(=O)=O)cc1C(F)(F)F,0,1,0,1,0,1,0
CC(=O)Nc1ccc(OC(=O)c2ccccc2OC(C)=O)cc1,0,0,1,0,0,0,1
NC(CO)C(=O)NNCc1ccc(O)c(O)c1O,1,0,0,0,0,0,0
CCOC(=O)c1ccc(N)cc1,1,0,0,1,1,0,0
OC(c1ccccc1)C(=O)c2ccccc2,1,0,0,0,0,0,0
CCCCNc1ccc(cc1)C(=O)OCCOCCOCCOCCOCCOCCOCCOCCOCCOC,0,1,0,0,0,1,0
OCc1ccccc1,0,0,1,1,0,0,1
O=C(OCc1ccccc1)c2ccccc2,0,0,0,0,0,0,0
[H][n]1c(Br)c2CC3N(C)CC(C=C3c4cccc1c24)C(=O)NC5(OC6(O)C7CCCN7C(=O)C(CC(C)C)N6C5=O)C(C)C,0,1,0,0,0,1,0
OC1(CCN(CCCC(=O)c2ccc(F)cc2)CC1)c3ccc(Br)cc3,0,0,1,1,1,0,1
CN(C)CCC(c1ccc(Br)cc1)c2ccccn2,0,0,0,0,1,0,0
CC(NC(C)(C)C)C(=O)c1cccc(Cl)c1,1,1,0,0,1,1,0
CS(=O)(=O)OCCCCOS(C)(=O)=O,0,1,1,1,0,1,1
CC(CS)C(=O)N1CCCC1C(O)=O,1,1,1,1,0,1,1
NC(=O)N1c2ccccc2C=Cc3ccccc13,1,0,1,1,0,0,1
CN(C)CCOC(c1ccc(Cl)cc1)c2ccccn2,1,0,0,0,0,0,0
[H][n]1c2ccccc2c3c(OCC(O)CNCCOc4ccccc4OC)cccc31,0,0,0,0,1,0,0
NC(C(=O)NC1C2SCC(Cl)=C(N2C1=O)C(O)=O)c3ccccc3,0,0,0,0,0,0,0
CC1CSC2C(NC(=O)C(N)c3ccc(O)cc3)C(=O)N2C=1C(O)=O,0,1,0,0,0,1,0
CCN1CCN(C(=O)NC(C(=O)NC2C3SCC(CSc4nnn[n]4C)=C(N3C2=O)C(O)=O)c5ccc(O)cc5)C(=O)C1=O,0,0,1,1,1,0,1
CC1CSC2C(NC(=O)C(N)c3ccccc3)C(=O)N2C=1C(O)=O,1,0,0,0,0,0,0
OCC(NC(=O)C(Cl)Cl)C(O)c1ccc(cc1)N(=O)=O,0,1,0,0,0,1,0
CN1CCN(CC1)C(c2ccccc2)c3ccc(Cl)cc3,0,0,1,0,1,0,1
CN1C(c2ccc(Cl)cc2)S(=O)(=O)CCC1=O,0,0,0,0,0,0,0
CCN(CC)CCCC(C)Nc1ccnc2cc(Cl)ccc12,0,1,0,1,0,1,0
NS(=O)(=O)c1cc2c(NC=NS2(=O)=O)cc1Cl,0,0,1,1,1,0,1
Oc1c(Cl)cc(Cl)c2cccnc12,0,0,0,1,1,0,0
CN(C)CCC(c1ccc(Cl)cc1)c2ccccn2,1,1,0,0,1,1,0
Clc1ccc2OC(=O)Nc2c1,0,1,1,0,0,1,1
[H][n]1cnc(CSCCNC(NC#N)=NC)c1C,0,1,1,0,0,1,1
CC(NCCCc1cccc(c1)C(F)(F)F)c2cccc3ccccc32,1,0,1,0,0,0,1
OC(=O)C1=CN(C2CC2)c3cc(N4CCNCC4)c(F)cc3C1=O,0,0,0,1,0,0,0
CCCC1CC(N(C)C1)C(=O)NC(C(C)Cl)C2OC(SC)C(O)C(O)C2O,0,0,0,0,1,0,0
COc1ccc2c(c(C)[n](CC(O)=O)c2c1)C(=O)c3ccc(Cl)cc3,1,0,0,0,0,0,0
CN(C)CCCN1c2ccccc2CCc3ccc(Cl)cc13,0,1,0,1,0,1,0
Clc1ccccc1C2=NCC(=O)Nc3ccc(cc32)N(=O)=O,0,0,1,0,0,0,1
CN1CCN(CC1)C2=Nc3ccccc3Sc4ccc(Cl)cc42,1,0,0,0,0,0,0
CCN(C(=O)C=CC)c1ccccc1C,1,0,0,1,1,0,0
Cl[Cu]Cl,1,0,0,0,0,0,0
CC1(C)SC2C(NC(=O)C3(N)CCCCC3)C(=O)N2C1C(O)=O,0,1,0,0,0,1,0
CN(C)CCOC(=O)C(c1ccccc1)C2(O)CCCC2,0,0,1,1,0,0,1
ClCCN(CCCl)P1(=O)NCCCO1,0,0,0,0,0,0,0
CN1CCC(CC1)=C2c3ccccc3C=Cc4ccccc42,0,1,0,0,0,1,0
Nc1ccc(cc1)S(=O)(=O)c2ccc(N)cc2,0,0,1,1,1,0,1
COC(=O)C(C1CCCCN1)c2ccccc2,1,0,0,0,0,0,0
CCCCOc1cc(C(=O)NCCN(CC)CC)c2ccccc2n1,0,0,0,0,1,0,0
NS(=O)(=O)c1cc(Cl)c(Cl)c(c1)S(N)(=O)=O,1,1,0,0,1,1,0
[H][n]1cc2CC3C(CC(CN3C)C(=O)NC4(C)OC5(O)C6CCCN6C(=O)C(Cc7ccccc7)N5C4=O)c8cccc1c28,0,1,1,1,0,1,1
COc1ccc(cc1)C2Sc3ccccc3N(CCN(C)C)C(=O)C2OC(C)=O,1,1,1,1,0,1,1
CC(C)N(CCC(C(N)=O)(c1ccccc1)c2ccccn2)C(C)C,1,0,1,1,0,0,1
CCN(CC)C(=S)SSC(=S)N(CC)CC,1,0,0,0,0,0,0
CC(CCc1ccc(O)cc1)NCCc2ccc(O)c(O)c2,0,0,0,0,1,0,0
CC(=O)OC12COC1CC(O)C3(C)C2C(OC(=O)c4ccccc4)C5(O)CC(OC(=O)C(O)C(NC(=O)OC(C)(C)C)c6ccccc6)C(C)=C(C(O)C3=O)C5(C)C,0,0,0,0,0,0,0
CN(CCOc1ccc(NS(C)(=O)=O)cc1)CCc2ccc(NS(C)(=O)=O)cc2,0,1,0,0,0,1,0
COc1cc2CC(CC3CCN(CC3)Cc4ccccc4)C(=O)c2cc1OC,0,0,1,1,1,0,1
NCCc1ccc(O)c(O)c1,1,0,0,0,0,0,0
CCN1CC(CCN2CCOCC2)C(C1=O)(c3ccccc3)c4ccccc4,0,1,0,0,0,1,0
CN1C(=O)N(C)c2nc[n](CC(O)CO)c2C1=O,0,0,1,0,1,0,1
[H][n]1cc(CC2NC(=O)C(CC(O)=O)NC(=O)CNC(=O)C(CCCCNC(N)=N)NC(=O)CCSSCC(NC(=O)C3CCCN3C2=O)C(N)=O)c4ccccc41,0,0,0,0,0,0,0
[H][n]1cc2CC3N(C)CC(C=C3c4cccc1c24)C(=O)NC(C)CO,0,1,0,1,0,1,0
COC(=O)CCc1ccc(OCC(O)CNC(C)C)cc1,0,0,1,1,1,0,1
CCc1cc(ccn1)C(N)=S,0,0,0,1,1,0,0
COc1cc(cc(OC)c1O)C2C3C(COC3=O)C(OC4OC5COC(C)OC5C(O)C4O)c6cc7OCOc7cc26,1,1,0,0,1,1,0
OC(CCC1C(N(C1=O)c2ccc(F)cc2)c3ccc(O)cc3)c4ccc(F)cc4,0,1,1,0,0,1,1
CCOC(=O)C1C(c2cccc(Cl)c2Cl)C(=C(C)NC=1C)C(=O)OC,0,1,1,0,0,1,1
OC(=O)Cc1c[s]c(n1)c2ccc(Cl)cc2,1,0,1,0,0,0,1
Oc1ccc(cc1)C2CNCCc3c(Cl)c(O)c(O)cc23,0,0,0,1,0,0,0
CC(C)(C(O)=O)c1ccc(cc1)C(O)CCCN2CCC(CC2)C(O)(c3ccccc3)c4ccccc4,0,0,0,0,1,0,0
OCC1OC(C(F)C1O)N2C=C(I)C(=O)NC2=O,1,0,0,0,0,0,0
CC1C(=O)c2cccc(C(=O)OCCN3CCCCC3)c2OC=1c4ccccc4,0,1,0,1,0,1,0
CCOC(=O)c1nc[n]2c1CN(C)C(=O)c3cc(F)ccc32,0,0,1,0,0,0,1
NC1NC(=O)c2nc(CNc3ccc(cc3)C(=O)NC(CCC(O)=O)C(O)=O)cnc2N=1,1,0,0,0,0,0,0
COc1ccc(Cl)cc1C(=O)NCCc2ccc(cc2)S(=O)(=O)NC(=O)NC3CCCCC3,1,0,0,1,1,0,0
CCC1=C(C)CN(C(=O)NCCc2ccc(cc2)S(=O)(=O)NC(=O)NC3CCC(C)CC3)C1=O,1,0,0,0,0,0,0
Cc1cnc(cn1)C(=O)NCCc2ccc(cc2)S(=O)(=O)NC(=O)NC3CCCCC3,0,1,0,0,0,1,0
O=CCCCC=O,0,0,1,1,0,0,1
[H][n]1cnc(CC(NC(=O)C2CCC(=O)N2)C(=O)NC(Cc3c[n]([H])c4ccccc34)C(=O)NC(CO)C(=O)NC(Cc5ccc(O)cc5)C(=O)NCC(=O)NC(CC(C)C)C(=O)NC(CCCNC(N)=N)C(=O)N6CCCC6C(=O)NCC(N)=O)c1,0,0,0,0,0,0,0
COc1cc(OC)c2C(=O)C3(Oc2c1Cl)C(C)CC(=O)C=C3OC,0,1,0,0,0,1,0
OC1(CCN(CCCC(=O)c2ccc(F)cc2)CC1)c3ccc(Cl)cc3,0,0,1,1,1,0,1
[H][n]1cncc1CC(NC(=O)C2CCC(=O)N2)C(=O)NC(Cc3c[n]([H])c4ccccc34)C(=O)NC(CO)C(=O)NC(Cc5ccc(O)cc5)C(=O)NC(Cc6c[n](Cc7ccccc7)cn6)C(=O)NC(CC(C)C)C(=O)NC(CCCNC(N)=N)C(=O)N8CCCC8C(=O)NCC,1,0,0,0,0,0,0
CN1C2CCC1CC(C2)OC(=O)C(O)c3ccccc3,0,1,0,0,0,1,0
NS(=O)(=O)c1cc2c(NCNS2(=O)=O)cc1Cl,0,0,0,0,1,0,0
CC(C)Cc1ccc(CC(O)=O)cc1,1,1,0,0,1,1,0
CC(C)Cc1ccc(cc1)C(C)C(O)=O,0,1,1,1,0,1,1
CCCCCCCN(CC)CCCC(O)c1ccc(NS(C)(=O)=O)cc1,1,1,1,1,0,1,1
CN(C)CCCN1c2ccccc2CCc3ccccc13,1,0,1,1,0,0,1
COc1ccc2c(c1)c(CC(O)=O)c(C)[n]2C(=O)c3ccc(Cl)cc3,1,0,0,0,0,0,0
OC(=O)c1c(I)cc(I)c(NC(=O)CCCCC(=O)Nc2c(I)cc(I)c(C(O)=O)c2I)c1I,0,0,0,0,1,0,0
CC(=O)N(CC(O)CN(C(C)=O)c1c(I)c(C(=O)NCC(O)CO)c(I)c(C(=O)NCC(O)CO)c1I)c2c(I)c(C(=O)NCC(O)CO)c(I)c(C(=O)NCC(O)CO)c2I,0,0,0,0,0,0,0
CC(=O)N(CC(O)CO)c1c(I)c(C(=O)NCC(O)CO)c(I)c(C(=O)NCC(O)CO)c1I,0,1,0,0,0,1,0
CNC(=O)c1c(I)c(NC(C)=O)c(I)c(C(O)=O)c1I,0,0,1,1,1,0,1
CC(C)NNC(=O)c1ccncc1,1,0,0,0,0,0,0
CC(C)Nc1ncccn1,0,1,0,0,0,1,0
NNC(=O)c1ccncc1,0,0,1,0,1,0,1
CC(COc1ccccc1)NC(C)C(O)c2ccc(O)cc2,0,0,0,0,0,0,0
CN1C(=O)CN2C(=O)C=C(C)OC2(c3ccccc3)c4cc(Cl)ccc14,0,1,0,1,0,1,0
CC(C(O)=O)c1cccc(c1)C(=O)c2ccccc2,0,0,1,1,1,0,1
NC(CS)C(O)=O,0,0,0,1,1,0,0
CC(CCc1ccccc1)NCC(O)c2ccc(O)c(c2)C(N)=O,1,1,0,0,1,1,0
NC1C=CN(C2CSC(CO)O2)C(=O)N=1,0,1,1,0,0,1,1
NC(Cc1cc(I)c(Oc2cc(I)c(O)c(I)c2)c(I)c1)C(O)=O,0,1,1,0,0,1,1
CC(=O)NCC1CN(C(=O)O1)c2ccc(N3CCOCC3)c(F)c2,0,0,0,0,1,0,0
NCCCCC(NC(CCc1ccccc1)C(O)=O)C(=O)N2CCCC2C(O)=O,1,1,0,0,1,1,0
OC(=O)C(=O)Nc1cc(cc(NC(=O)C(O)=O)c1Cl)C#N,0,1,1,1,0,1,1
ClCCN(N=O)C(=O)NC1CCCCC1,1,1,1,1,0,1,1
CCC(C)C(=O)OC1CC(C)C=C2C=CC(C)C(CCC3CC(O)CC(=O)O3)C12,1,0,1,1,0,0,1
NCc1ccc(cc1)S(N)(=O)=O,1,0,0,0,0,0,0
CC(NN)c1ccccc1,0,0,0,0,1,0,0
CN1C(C(=O)Nc2ncc(C)[s]2)=C(O)c3ccccc3S1(=O)=O,0,0,0,0,0,0,0
NC(Cc1ccc(cc1)N(CCCl)CCCl)C(O)=O,0,1,0,0,0,1,0
CC(O)C1C2C(C)C(SC3CNC(C3)C(=O)N(C)C)=C(N2C1=O)C(O)=O,0,0,1,1,1,0,1
Nc1ccc(O)c(c1)C(O)=O,1,0,0,0,0,0,0
CC[N+](C)(CC)CCOC(=O)C1c2ccccc2Oc3ccccc13,0,1,0,0,0,1,0
CN1N=C(SC1=NC(C)=O)S(N)(=O)=O,0,0,1,0,1,0,1
CN1C=CNC1=S,0,0,0,0,0,0,0
COc1c2OC(=O)C=Cc2cc3cc[o]c31,0,1,0,1,0,1,0
CC1CC2C3CCC(O)(C(=O)CO)C3(C)CC(O)C2C4(C)C=CC(=O)C=C14,0,0,1,1,1,0,1
CN1CCCC(CC2c3ccccc3Sc4ccccc24)C1,0,0,0,1,1,0,0
COCCc1ccc(OCC(O)CNC(C)C)cc1,1,1,0,0,1,1,0
Cc1ncc([n]1CCO)N(=O)=O,0,1,1,0,0,1,1
CC(C)(c1cccnc1)C(=O)c2cccnc2,0,1,1,0,0,1,1
NC(=O)CS(=O)C(c1ccccc1)c2ccccc2,1,0,1,0,0,0,1
COc1c(N2CC3CCCNC3C2)c(F)cc4C(=O)C(=CN(C5CC5)c14)C(O)=O,0,0,0,1,0,0,0
CC(O)C(C)C1OC1CC2COC(CC(C)=CC(=O)OCCCCCCCCC(O)=O)C(O)C2O,0,0,0,0,1,0,0
Oc1ccc2CC3N(CCC45C(Oc1c24)C(=C)CCC35O)CC6CC6,1,0,0,0,0,0,0
CCCCCCCCCC(=O)OC1CCC2C3CCC4=CC(=O)CCC4C3CCC12C,0,1,0,1,0,1,0
C1CN=C(Cc2cccc3ccccc23)N1,0,0,1,0,0,0,1
COc1nc(N)nc2c1nc[n]2C3OC(CO)C(O)C3O,1,0,0,0,0,0,0
O=C(CCNNC(=O)c1ccncc1)NCc2ccccc2,1,0,0,1,1,0,0
COC(=O)C1C(c2ccccc2N(=O)=O)C(=C(C)NC=1C)C(=O)OC,1,0,0,0,0,0,0
Cc1nc(c[n]1c2ccc(cc2)N(=O)=O)N(=O)=O,0,1,0,0,0,1,0
COC(=O)NC1=NC2=C(N1)C=C(C=C2)C(=O)C3=CC=CS3,0,0,1,1,0,0,1
NCC(O)c1ccc(O)c(O)c1,0,0,0,0,0,0,0
CCN1C=C(C(O)=O)C(=O)c2cc(F)c(cc12)N3CCNCC3,0,1,0,0,0,1,0
COc1ccc2C(OC(=O)c2c1OC)C1N(C)CCc2cc3OCOc3c(OC)c12,0,0,1,1,1,0,1
CC(CCc1ccccc1)NC(C)C(O)c2ccc(O)cc2,1,0,0,0,0,0,0
[H][n]1cc(CC2NC(=O)C(Cc3ccccc3)NC(=O)C(CSSCC(NC(=O)C(NC(=O)C(CCCCN)NC2=O)C(C)O)C(=O)NC(CO)C(C)O)NC(=O)C(N)Cc4ccccc4)c5ccccc51,0,1,0,0,0,1,0
Cc1ncc[n]1CC2CCc3c(C2=O)c4ccccc4[n]3C,0,0,1,0,1,0,1
CCCCCCCCCCCC(CC1OC(=O)C1CCCCCC)OC(=O)C(CC(C)C)NC=O,1,0,0,0,0,0,0
CC1(O)CCC2C3CCC4CC(=O)OCC4(C)C3CCC21C,0,1,0,1,0,1,0
COc1ccc(C(=O)c2ccccc2)c(O)c1,0,0,1,1,1,0,1
CCCCOc1cc(ccc1N)C(=O)OCCN(CC)CC,1,0,0,1,1,0,0
CCC(C)C1NC(=O)C(Cc2ccc(O)cc2)NC(=O)C(N)CSSCC(NC(=O)C(CC(N)=O)NC(=O)C(CCC(N)=O)NC1=O)C(=O)N3CCCC3C(=O)NC(CC(C)C)C(=O)NCC(N)=O,0,1,0,0,1,1,0
NC1OC(C(=O)N=1)c2ccccc2,0,1,1,0,0,1,1
OC1(CCN(CCCC(c2ccc(F)cc2)c3ccc(F)cc3)CC1)c4ccc(Cl)c(c4)C(F)(F)F,0,1,0,1,0,1,0
CC1(C)SC2C(NC(=O)Cc3ccccc3)C(=O)N2C1C(O)=O,0,0,1,0,0,0,1
CC1(C)SC2C(NC(=O)COc3ccccc3)C(=O)N2C1C(O)=O,1,0,0,0,0,0,0
CC1C2Cc3ccc(O)cc3C1(C)CCN2CC=C(C)C,1,0,0,1,1,0,0
C1CCC(CC1)C(CC2CCCCN2)C3CCCCC3,1,0,0,0,0,0,0
NNCCc1ccccc1,0,1,0,0,0,1,0
CC(COc1ccccc1)N(CCCl)Cc2ccccc2,0,0,1,1,0,0,1
CC(COc1ccccc1)NN,0,0,0,0,0,0,0
CN(C)CCOc1ccccc1Cc2ccccc2,0,1,0,0,0,1,0
CC(C)CCCC(C)CCCC(C)CCCC(C)=CCC1=C(C)C(=O)c2ccccc2C1=O,0,0,1,1,1,0,1
CCCCOCCOCCOCc1cc2OCOc2cc1CCC,1,0,0,0,0,0,0
CN1C(C(=O)Nc2ccccn2)=C(O)c3ccccc3S1(=O)=O,0,1,0,0,0,1,0
COc1cc(cc(OC)c1OC)C1C2C(COC2=O)C(O)c2cc3OCOc3cc12,0,0,1,0,1,0,1
CC(=O)Oc1cc2CN(CCc2[s]1)C(C(=O)C3CC3)c4ccccc4F,0,0,0,0,1,0,0
CC12CC(O)C3C(CCC4=CC(=O)C=CC34C)C1CCC2(O)C(=O)CO,1,1,0,0,1,1,0
CCCNC(C)C(=O)Nc1ccccc1C,0,1,1,1,0,1,1
CNNCc1ccc(cc1)C(=O)NC(C)C,1,1,1,1,0,1,1
CCCNCC(O)COc1ccccc1C(=O)CCc2ccccc2,0,0,0,0,1,0,0
CC(C)[N+](C)(CCOC(=O)C1c2ccccc2Oc3ccccc13)C(C)C,1,1,0,0,1,1,0
CCCOc1ccc(cc1N)C(=O)OCCN(CC)CC,0,1,1,1,0,1,1
CC(C)C1=C(C)N(C)N(c2ccccc2)C1=O,1,1,1,1,0,1,1
[H][n]1cncc1CC(NC(=O)C2CCC(=O)N2)C(=O)N3CCCC3C(N)=O,1,0,1,1,0,0,1
NC(=O)c1cnccn1,1,0,0,0,0,0,0
Cc1ncc(COP(O)(O)=O)c(C=O)c1O,0,0,0,0,1,0,0
Cc1ncc(CO)c(CO)c1O,0,0,0,0,0,0,0
CCOC(=O)C(CCc1ccccc1)NC(C)C(=O)N2Cc3ccccc3CC2C(O)=O,0,1,0,0,0,1,0
Oc1ccc(cc1)c2[s]c3cc(O)ccc3c2C(=O)c4ccc(OCCN5CCCCC5)cc4,0,0,1,1,1,0,1
CN1C(=O)C(O)=C(N=C1C(C)(C)NC(=O)c2nnc(C)[o]2)C(=O)NCc3ccc(F)cc3,1,0,0,0,0,0,0
CCC(=O)NCCC1CCc2ccc3OCCc3c12,0,1,0,0,0,1,0
CCOC(=O)C(CCc1ccccc1)NC(C)C(=O)N2C3CCCC3CC2C(O)=O,0,0,1,0,1,0,1
CCOc1ccccc1OC(C2CNCCO2)c3ccccc3,0,0,0,0,0,0,0
CCOc1cc(CC(=O)NC(CC(C)C)c2ccccc2N3CCCCC3)ccc1C(O)=O,0,1,0,1,0,1,0
[H][n]1c2cc(OC)ccc2c3CCN4CC5CC(OC(=O)c6cc(OC)c(OC)c(OC)c6)C(OC)C(C5CC4c31)C(=O)OC,0,0,1,1,1,0,1
CCCN(CCC)CCc1cccc2NC(=O)Cc12,0,0,0,1,1,0,0
CN(CCOc1ccc(CC2SC(=O)NC2=O)cc1)c3ccccn3,1,1,0,0,1,1,0
OC(=O)c1ccccc1OC(=O)c2ccccc2O,0,1,1,0,0,1,1
CN1C2CC(CC1C3OC23)OC(=O)C(CO)c4ccccc4,0,1,1,0,0,1,1
Fc1ccc(cc1)[n]2cc(C3CCN(CC3)CCN4CCNC4=O)c5cc(Cl)ccc52,1,0,1,0,0,0,1
CCCc1n[n](C)c2C(=O)NC(=Nc12)c3cc(ccc3OCC)S(=O)(=O)N4CCN(C)CC4,0,0,0,1,0,0,0
CC(O)C(O)=O,0,0,0,0,1,0,0
CC1=CN(C2OC(CO)C=C2)C(=O)NC1=O,1,0,0,0,0,0,0
CCC(=O)N(c1ccccc1)C2(CCN(CCc3ccc[s]3)CC2)COC,0,1,0,1,0,1,0
Clc1ccc(CSC(C[n]2ccnc2)c3ccc(Cl)cc3Cl)cc1,0,0,1,0,0,0,1
C1=CC=C(C=C1)C(=O)NS(=O)(=O)C2=CC=C(C=C2)N,1,0,0,0,0,0,0
NC(=O)NS(=O)(=O)c1ccc(N)cc1,1,0,0,1,1,0,0
Nc1ccc(cc1)S(=O)(=O)Nc2ncccn2,1,0,0,0,0,0,0
COc1ncnc(NS(=O)(=O)c2ccc(N)cc2)c1OC,0,1,0,0,0,1,0
Cc1nnc(NS(=O)(=O)c2ccc(N)cc2)[s]1,0,0,1,1,0,0,1
Nc1ccc(cc1)S(=O)(=O)Nc2ncc[s]2,0,0,0,0,0,0,0
Nc1c2ccccc2nc2ccccc12,0,1,0,0,0,1,0
CCOc1ccccc1OCCNC(C)Cc2ccc(OC)c(c2)S(N)(=O)=O,0,0,1,1,1,0,1
COc1cc(cc(OC)c1O)C2C3C(COC3=O)C(OC4OC5COC(OC5C(O)C4O)c6ccc[s]6)c7cc8OCOc8cc27,1,0,0,0,0,0,0
COc1cc2nc(nc(N)c2cc1OC)N3CCN(CC3)C(=O)C4CCCO4,0,1,0,0,0,1,0
C1CC(C2NCCN=2)c3ccccc3C1,0,0,1,0,1,0,1
O=C1CCC(N2C(=O)c3ccccc3C2=O)C(=O)N1,1,0,0,0,0,0,0
OC(=O)COc1ccc(c(Cl)c1Cl)C(=O)c2ccc[s]2,0,1,0,1,0,1,0
CCS(=O)(=O)CC[n]1c(C)ncc1N(=O)=O,0,0,1,1,1,0,1
Clc1ccc(C(C[n]2ccnc2)OCc3cc[s]c3Cl)c(Cl)c1,1,0,0,1,1,0,0
CCCCS(=O)(=O)NC(Cc1ccc(OCCCCC2CCNCC2)cc1)C(O)=O,0,1,0,0,1,1,0
Cc1ccc(cc1)S(=O)(=O)NC(=O)NN2CCCCCC2,0,1,1,0,0,1,1
Cc1ccc(cc1)C(=O)c2ccc(CC(O)=O)[n]2C,0,0,0,1,1,0,0
CN(C(=S)Oc1ccc2ccccc2c1)c3cccc(C)c3,1,1,0,0,1,1,0
CCOC(=O)C(CCc1ccccc1)NC(C)C(=O)N2C3CCCCC3CC2C(O)=O,0,1,1,0,0,1,1
NC1CC1c2ccccc2,0,1,1,0,0,1,1
COP(=O)(OC)C(O)C(Cl)(Cl)Cl,1,0,1,0,0,0,1
Oc1cc(Cl)ccc1Oc1ccc(Cl)cc1Cl,0,0,0,1,0,0,0
OCCN(CCO)CCO,0,0,0,0,1,0,0
CN(C)CCN(Cc1ccccc1)c2ccccn2,1,0,0,0,0,0,0
CCN(Cc1ccncc1)C(=O)C(CO)c2ccccc2,0,1,0,1,0,1,0
NC1C2CN(CC12)c3nc4N(C=C(C(O)=O)C(=O)c4cc3F)c5ccc(F)cc5F,0,0,1,0,0,0,1
OC(=O)CCCCCCCCC=C,1,0,0,0,0,0,0
NC(N)=O,1,0,0,1,1,0,0
CC(C)C(N)C(=O)OCCOC[n]1cnc2C(=O)NC(N)=Nc21,1,0,0,0,0,0,0
Cc1[o]nc(c2ccccc2)c1c3ccc(cc3)S(N)(=O)=O,0,1,0,0,0,1,0
CCCCC(=O)OCC(=O)C1(O)CC(OC2CC(NC(=O)C(F)(F)F)C(O)C(C)O2)c3c(O)c4C(=O)c5c(OC)cccc5C(=O)c4c(O)c3C1,0,0,1,1,0,0,1
COc1ccc(CCN(C)CCCC(C#N)(C(C)C)c2ccc(OC)c(OC)c2)cc1OC,0,0,0,0,0,0,0
ONC(=O)CCCCCCC(=O)Nc1ccccc1,0,1,0,0,0,1,0
CC(=O)CC(c1ccccc1)C2C(=O)Oc3ccccc3C=2O,0,0,1,1,1,0,1
CC1=CN(C2CC(N=N#N)C(CO)O2)C(=O)NC1=O,1,0,0,0,0,0,0
OC(C[n]1ccnc1)(P(O)(O)=O)P(O)(O)=O,0,0,0,0,1,0,0
NS(=O)(=O)Cc1n[o]c2ccccc12,1,1,0,0,1,1,0
NCCCC(O)(P(O)(O)=O)P(O)(O)=O,0,1,1,1,0,1,1
OC(=O)CCCCCCNC1c2ccccc2CCc3ccccc13,1,1,1,1,0,1,1
NC(=O)OCC(COC(N)=O)c1ccccc1,1,0,1,1,0,0,1
CNCCC(Oc1ccc(cc1)C(F)(F)F)c2ccccc2,1,0,0,0,0,0,0
ClCCNP1(=O)OCCCN1CCCl,0,0,0,0,1,0,0
CCC(N1CCCC1=O)C(N)=O,1,1,0,0,1,1,0
CC(N)COc1c(C)cccc1C,0,1,1,1,0,1,1
NC1CCCCC1N,1,1,1,1,0,1,1
NC(=O)N1c2ccccc2CC(=O)c3ccccc13,1,0,1,1,0,0,1
CCC1(C(=O)NC(=O)NC1=O)c2ccccc2,1,0,0,0,0,0,0
CC(C)CC(CN)CC(O)=O,0,0,0,0,1,0,0
CC(C)c1cccc(C(C)C)c1O,0,0,0,0,0,0,0
CCCC1NC(=S)NC(=O)C=1,0,1,0,0,0,1,0
Clc1ccccc1CN2CCc3[s]ccc3C2,0,0,1,1,1,0,1
CC(N(O)C(N)=O)c1cc2ccccc2[s]1,1,0,0,0,0,0,0
[H][n]1cc(SCC2CSC3C(NC(=O)C(N)c4ccc(O)cc4)C(=O)N3C=2C(O)=O)nn1,0,1,0,0,0,1,0
CC12CCC3C(CCC4NC(=O)C=CC43C)C1CCC2C(=O)Nc5cc(ccc5C(F)(F)F)C(F)(F)F,0,0,1,0,1,0,1
Clc1ccc2c(c1)C(=NCc3nnc[n]32)c4ccccc4,0,0,0,0,0,0,0
CC1CC2C3CCC(O)(C(C)=O)C3(C)CC(O)C2(F)C4(C)C=CC(=O)C=C14,0,1,0,1,0,1,0
CC12CCC3C(CCC4=C(O)C(=O)CCC34C)C1CCC2=O,0,0,1,1,1,0,1
CCC(=O)OC1(C(C)CC2C3CC(F)C4=CC(=O)C=CC4(C)C3(F)C(O)CC21C)C(=O)CCl,0,0,0,1,1,0,0
OS(=O)(=O)c1ccc2NC(C(=O)c2c1)=C3Nc4ccc(cc4C3=O)S(O)(=O)=O,1,1,0,0,1,1,0
Cc1ncc2CN=C(c3ccccc3F)c4cc(Cl)ccc4[n]12,0,1,1,0,0,1,1
FC(F)(F)c1cccc(Nc2ncccc2C(=O)OCCN3CCOCC3)c1,0,1,1,0,0,1,1
NC(=O)NN=Cc1ccc(o1)N(=O)=O,1,0,1,0,0,0,1
O=C1Oc2cc3[o]ccc3cc2C=C1,0,0,0,1,0,0,0
CC=C1NC(=O)C2CSSCCC=CC(CC(=O)NC(C(C)C)C(=O)N2)OC(=O)C(NC1=O)C(C)C,0,0,0,0,1,0,0
Cc1ncc(C[n+]2c[s]c(CCO)c2C)c(N)n1,1,0,0,0,0,0,0
CN(C)CCC=C1c2ccccc2CCc3ccccc31,0,1,0,1,0,1,0
CCc1[o]c2ccccc2c1C(=O)c3cc(Br)c(O)c(Br)c3,0,0,1,0,0,0,1
OC(=O)c1cc(nc2ccccc21)c3ccccc3,1,0,0,0,0,0,0
CN1CCN(CC1)C2=Nc3cc(Cl)ccc3Nc4ccccc42,1,0,0,1,1,0,0
CCC1NC(=O)C(C(O)C(C)CC=CC)N(C)C(=O)C(C(C)C)N(C)C(=O)C(CC(C)C)N(C)C(=O)C(CC(C)C)N(C)C(=O)C(C)NC(=O)C(C)NC(=O)C(CC(C)C)N(C)C(=O)C(NC(=O)C(CC(C)C)N(C)C(=O)CN(C)C1=O)C(C)C,1,0,0,0,0,0,0
OC(=O)Cc1ccccc1Nc2c(Cl)cccc2Cl,0,1,0,0,0,1,0
Oc1ccc(c(O)c1O)C(=O)c2cc(O)c(O)c(O)c2,0,0,1,1,0,0,1
CC(C)COc1ccc(cc1C#N)c2nc(C)c([s]2)C(O)=O,0,0,0,0,0,0,0
OCC(O)COC(=O)c1ccccc1Nc2ccnc3cc(Cl)ccc23,0,1,0,0,0,1,0
CC(=O)N1CCN(CC1)c2ccc(OCC3COC(C[n]4ccnc4)(O3)c5ccc(Cl)cc5Cl)cc2,0,0,1,1,1,0,1
NC(C(=O)NC1C2CCC(Cl)=C(N2C1=O)C(O)=O)c3ccccc3,1,0,0,0,0,0,0
[H][n]1cnc2NC=NC(=S)c21,0,1,0,0,0,1,0
O=C1CN(N=Cc2ccc([o]2)N(=O)=O)C(=O)N1,0,0,1,0,1,0,1
CNCCC=C1c2ccccc2CCc3ccccc31,1,0,0,0,0,0,0
CN1CCN(CCCN2c3ccccc3Sc4ccc(Cl)cc24)CC1,0,1,0,1,0,1,0
CC(=O)C1CCC2C3CCC4=CC(=O)CCC4(C)C3CCC21C,0,0,1,1,1,0,1
[H][n]1c2ccccc2nc1S(=O)Cc3nccc(OCCCOC)c3C,1,0,0,1,1,0,0
CC1N=C2CCCCN2C(=O)C=1CCN3CCC(CC3)c4n[o]c5cc(F)ccc54,0,1,0,0,1,1,0
CC(C)C(NC(=O)N(C)Cc1c[s]c(n1)C(C)C)C(=O)NC(CC(O)C(Cc2ccccc2)NC(=O)OCc3cnc[s]3)Cc4ccccc4,0,1,1,0,0,1,1
CNC(=O)c1cc(Oc2ccc(NC(=O)Nc3ccc(Cl)c(c3)C(F)(F)F)cc2)ccn1,1,0,0,0,0,0,0
CCCc1nc2c(C)cc(cc2[n]1Cc3ccc(cc3)c4ccccc4C(O)=O)c5nc6ccccc6[n]5C,0,1,0,1,0,1,0
[H][n]1c2ccccc2nc1c3c[s]cn3,0,0,1,0,0,0,1
Cc1c(C)c2OC(C)(CCc2c(C)c1O)COc3ccc(CC4SC(=O)NC4=O)cc3,1,0,0,0,0,0,0
CC(C)=O,1,0,0,1,1,0,0
COC(=O)C(Cc1ccccc1)NC(=O)C(N)CC(O)=O,1,0,0,0,0,0,0
CN1C2CCC1CC(C2)OC(c3ccccc3)c4ccccc4,0,1,0,0,0,1,0
CC[N+](C)(C)Cc1ccccc1Br,0,0,1,1,0,0,1
CN1C(=O)N(C)c2nc[n](C)c2C1=O,0,0,0,0,0,0,0
OC(=O)CC(O)(CC(O)=O)C(O)=O,0,1,0,0,0,1,0
CN(CC(O)=O)C(N)=N,0,0,1,1,1,0,1
CC(C)(CO)C(O)C(=O)NCCCO,1,0,0,0,0,0,0
CCOC(=O)C1(CCN(CC1)CCC(C#N)(c2ccccc2)c3ccccc3)c4ccccc4,0,1,0,0,0,1,0
CC[N+](C)(C)c1cccc(O)c1,0,0,1,0,1,0,1
CNC(C)C(O)c1ccccc1,1,0,0,0,0,0,0
CNCC(O)c1ccc(O)c(O)c1,0,1,0,1,0,1,0
COc1ccccc1OCC(O)CO,0,0,0,0,1,0,0
C[N+](C)(C)CC(O)CC(O)=O,1,1,0,0,1,1,0
NCCCCC(N)C(O)=O,0,1,1,1,0,1,1
CSCCC(N)C(O)=O,1,1,1,1,0,1,1
CCCCC(F)(F)C1(O)CCC2C(CC(=O)C2CCCCCCC(O)=O)O1,1,0,1,1,0,0,1
OCC(O)C(O)C(O)C(O)CO,1,0,0,0,0,0,0
CNC(C)Cc1ccccc1,0,0,0,0,1,0,0
CC(N)(Cc1ccc(O)cc1)C(O)=O,0,0,0,0,0,0,0
CC(C)NCC(O)COc1ccccc1OCC=C,0,1,0,0,0,1,0
CN1CCCN=C1COC(=O)C(O)(C2CCCCC2)c3ccccc3,0,0,1,1,1,0,1
C1CNCCN1,1,0,0,0,0,0,0
C1CNCCNCCCN(CCNC1)Cc2ccc(CN3CCCNCCNCCCNCC3)cc2,0,1,0,0,0,1,0
CNC(C)CC1CCCCC1,0,0,1,0,1,0,1
CCC(O)=O,0,0,0,0,0,0,0
OC1COC(O)C(O)C1O,0,1,0,1,0,1,0
Nc1ncnc2c1nc[n]2C3OC(CO)C(O)C3O,0,0,1,1,1,0,1
CC1(C)SC2C(NC(=O)C(N)c3ccccc3)C(=O)N2C1C(O)=O,0,0,0,1,1,0,0
CN1CCC(CC1)=C2c3ccccc3CCc4cccnc42,1,1,0,0,1,1,0
Brc1c(NC2NCCN=2)ccc3nccnc13,0,1,1,0,0,1,1
Nc1c(CC(O)=O)cccc1C(=O)c2ccc(Br)cc2,0,1,1,0,0,1,1
Clc1ccc(CCC(C[n]2ccnc2)Sc3c(Cl)cccc3Cl)cc1,1,0,1,0,0,0,1
[H][n]1cc2CC3C(CC(CN3CC=C)C(=O)N(CCCN(C)C)C(=O)NCC)c4cccc1c24,0,0,0,1,0,0,0
Cc1nnc(SCC2CSC3C(NC(=O)C[n]4cnnn4)C(=O)N3C=2C(O)=O)[s]1,0,0,0,0,1,0,0
CCCNC(=O)NS(=O)(=O)c1ccc(Cl)cc1,1,0,0,0,0,0,0
CN(C)CCCC1(OCc2cc(ccc21)C#N)c3ccc(F)cc3,0,1,0,1,0,1,0
Clc1ccccc1C(c2ccccc2)(c3ccccc3)[n]4ccnc4,0,0,1,0,0,0,1
[H][n]1cnc(N=NN(C)C)c1C(N)=O,1,0,0,0,0,0,0
COc1ccc2CC3C4CCCCC4(CCN3C)c2c1,1,0,0,1,1,0,0
OCC1CCC(O1)[n]2cnc3C(=O)NC=Nc32,1,0,0,0,0,0,0
CCN(CC)C(=O)c1cccc(C)c1,0,1,0,0,0,1,0
CN(C)CCOC(C)(c1ccccc1)c2ccccn2,0,0,1,1,0,0,1
Fc1ccc(cc1)C(=O)CCCN2CCC(=CC2)N3C(=O)Nc4ccccc34,0,0,0,0,0,0,0
CC12CCC3C(CCc4cc(O)ccc34)C1CC(O)C2O,0,1,0,0,0,1,0
CCOc1ccc2nc(sc2c1)S(N)(=O)=O,0,0,1,1,1,0,1
[H][n]1c2c(CC)cccc2c3CCOC(CC)(CC(O)=O)c31,1,0,0,0,0,0,0
FC1=CNC(=O)NC1=O,0,1,0,0,0,1,0
CC1OC1P(O)(O)=O,0,0,1,0,1,0,1
OP(O)(=O)OCN1C(=O)NC(C1=O)(c2ccccc2)c3ccccc3,1,0,0,0,0,0,0
NC1C=CN(C2OC(CO)C(O)C2(F)F)C(=O)N=1,0,1,0,1,0,1,0
CCN(CCO)CCCC(C)Nc1ccnc2cc(Cl)ccc12,0,0,1,1,1,0,1
OCCN(C(=O)CO)c1c(I)c(C(=O)NCC(O)CO)c(I)c(C(=O)NCC(O)CO)c1I,1,0,0,1,1,0,0
